use tableau;

INSERT INTO tableau_2 (country, `all`)
VALUES ('United States', 213),
       ('United Kingdom', 213),
       ('Canada', 213),
       ('Germany', 213),
       ('France', 213),
       ('Australia', 213),
       ('New Zealand', 213);



INSERT INTO tableau_1 (category, `All`, apple, banana, beans, broccoli, carrots, mango, orange, grand_total)
VALUES
('Country', 'Australia', 20634, 52721, 14433, 17953, 8106, 9186, 8680, 131713),
('Country', 'Canada', 24867, 33775, NULL, 12407, NULL, 3767, 19929, 94745),
('Country', 'France', 80193, 36094, 680, 5341, 9104, 7388, 2256, 141056),
('Country', 'Germany', 9082, 39686, 29905, 37197, 21636, 8775, 8887, 155168),
('Country', 'New Zealand', 10332, 40050, NULL, 4390, NULL, 12010, NULL, 66782),
('Country', 'United Kingdom', 17534, 42908, 5100, 38436, 41815, 5600, 21744, 173137),
('Country', 'United States', 28615, 95061, 7163, 26715, 56284, 22363, 30932, 267133),
('Country', 'Total Result', 191257, 340295, 57281, 142439, 136945, 57079, 104438, 1029734);
INSERT INTO tableau_3 (products, category, amount, date, country) VALUES

('Carrots', 'Vegetables', 4270, '2016-01-06', 'United States'),
('Broccoli', 'Vegetables', 8239, '2016-01-07', 'United Kingdom'),
('Banana', 'Fruit', 617, '2016-01-08', 'United States'),
('Banana', 'Fruit', 8384, '2016-01-10', 'Canada'),
('Beans', 'Vegetables', 2626, '2016-01-10', 'Germany'),
('Orange', 'Fruit', 3610, '2016-01-11', 'United States'),
('Broccoli', 'Vegetables', 9062, '2016-01-11', 'Australia'),
('Banana', 'Fruit', 6906, '2016-01-16', 'New Zealand'),
('Apple', 'Fruit', 2417, '2016-01-16', 'France'),
('Apple', 'Fruit', 7431, '2016-01-16', 'Canada'),
('Banana', 'Fruit', 8250, '2016-01-16', 'Germany'),
('Broccoli', 'Vegetables', 7012, '2016-01-18', 'United States'),
('Carrots', 'Vegetables', 1903, '2016-01-20', 'Germany'),
('Broccoli', 'Vegetables', 2824, '2016-01-22', 'Canada'),
('Apple', 'Fruit', 6946, '2016-01-24', 'France'),
('Banana', 'Fruit', 2320, '2016-01-27', 'United Kingdom'),
('Banana', 'Fruit', 2116, '2016-01-28', 'United States'),
('Banana', 'Fruit', 1135, '2016-01-30', 'United Kingdom'),
('Broccoli', 'Vegetables', 3595, '2016-01-30', 'United Kingdom'),
('Apple', 'Fruit', 1161, '2016-02-02', 'United States'),
('Orange', 'Fruit', 2256, '2016-02-04', 'France'),
('Banana', 'Fruit', 1004, '2016-02-11', 'New Zealand'),
('Banana', 'Fruit', 3642, '2016-02-14', 'Canada'),
('Banana', 'Fruit', 4582, '2016-02-17', 'United States'),
('Beans', 'Vegetables', 3559, '2016-02-17', 'United Kingdom'),
('Carrots', 'Vegetables', 5154, '2016-02-17', 'Australia'),
('Mango', 'Fruit', 7388, '2016-02-18', 'France'),
('Beans', 'Vegetables', 7163, '2016-02-18', 'United States'),
('Beans', 'Vegetables', 5101, '2016-02-20', 'Germany'),
('Apple', 'Fruit', 7602, '2016-02-21', 'France'),
('Mango', 'Fruit', 1641, '2016-02-22', 'United States'),
('Apple', 'Fruit', 8892, '2016-02-23', 'Australia'),
('Apple', 'Fruit', 2060, '2016-02-29', 'France'),
('Apple', 'Fruit', 6509, '2016-03-01', 'France'),
('Apple', 'Fruit', 5718, '2016-03-04', 'Australia'),
('Apple', 'Fruit', 7655, '2016-03-05', 'United States'),
('Carrots', 'Vegetables', 9116, '2016-03-05', 'United Kingdom'),
('Banana', 'Fruit', 2795, '2016-03-15', 'United States'),
('Banana', 'Fruit', 5084, '2016-03-15', 'United States'),
('Carrots', 'Vegetables', 8941, '2016-03-15', 'United Kingdom'),
('Broccoli', 'Vegetables', 5341, '2016-03-16', 'France'),
('Banana', 'Fruit', 135, '2016-03-19', 'Canada'),
('Banana', 'Fruit', 9400, '2016-03-19', 'Australia'),
('Beans', 'Vegetables', 6045, '2016-03-21', 'Germany'),
('Apple', 'Fruit', 5820, '2016-03-22', 'New Zealand'),
('Orange', 'Fruit', 8887, '2016-03-23', 'Germany'),
('Orange', 'Fruit', 6982, '2016-03-24', 'United States'),
('Banana', 'Fruit', 4029, '2016-03-26', 'Australia'),
('Carrots', 'Vegetables', 3665, '2016-03-26', 'Germany'),
('Banana', 'Fruit', 4781, '2016-03-29', 'France'),
('Mango', 'Fruit', 3663, '2016-03-30', 'Australia'),
('Apple', 'Fruit', 6331, '2016-04-01', 'France'),
('Apple', 'Fruit', 4364, '2016-04-01', 'Canada'),
('Carrots', 'Vegetables', 607, '2016-04-03', 'United Kingdom'),
('Banana', 'Fruit', 1054, '2016-04-06', 'New Zealand'),
('Carrots', 'Vegetables', 7659, '2016-04-06', 'United States'),
('Broccoli', 'Vegetables', 277, '2016-04-12', 'Germany'),
('Banana', 'Fruit', 235, '2016-04-17', 'United States'),
('Orange', 'Fruit', 1113, '2016-04-18', 'Australia'),
('Banana', 'Fruit', 1128, '2016-04-21', 'United States'),
('Broccoli', 'Vegetables', 9231, '2016-04-22', 'Canada'),
('Banana', 'Fruit', 4387, '2016-04-23', 'United States'),
('Apple', 'Fruit', 2763, '2016-04-25', 'Canada'),
('Banana', 'Fruit', 7898, '2016-04-27', 'United Kingdom'),
('Banana', 'Fruit', 2427, '2016-04-30', 'France'),
('Banana', 'Fruit', 8663, '2016-05-01', 'New Zealand'),
('Carrots', 'Vegetables', 2789, '2016-05-01', 'Germany'),
('Banana', 'Fruit', 4054, '2016-05-02', 'United States'),
('Mango', 'Fruit', 2262, '2016-05-02', 'United States'),
('Mango', 'Fruit', 5600, '2016-05-02', 'United Kingdom'),
('Banana', 'Fruit', 5787, '2016-05-03', 'United States'),
('Orange', 'Fruit', 6295, '2016-05-03', 'Canada'),
('Banana', 'Fruit', 474, '2016-05-05', 'Germany'),
('Apple', 'Fruit', 4325, '2016-05-05', 'France'),
('Banana', 'Fruit', 592, '2016-05-06', 'United States'),
('Orange', 'Fruit', 4330, '2016-05-08', 'United States'),
('Banana', 'Fruit', 9405, '2016-05-08', 'United Kingdom'),
('Apple', 'Fruit', 7671, '2016-05-08', 'France'),
('Carrots', 'Vegetables', 5791, '2016-05-08', 'United Kingdom'),
('Banana', 'Fruit', 6007, '2016-05-12', 'Canada'),
('Banana', 'Fruit', 5030, '2016-05-14', 'Germany'),
('Carrots', 'Vegetables', 6763, '2016-05-14', 'United Kingdom'),
('Banana', 'Fruit', 4248, '2016-05-15', 'Australia'),
('Banana', 'Fruit', 9543, '2016-05-16', 'France'),
('Broccoli', 'Vegetables', 2054, '2016-05-16', 'United Kingdom'),
('Beans', 'Vegetables', 7094, '2016-05-16', 'Germany'),
('Carrots', 'Vegetables', 6087, '2016-05-18', 'United States'),
('Apple', 'Fruit', 4264, '2016-05-19', 'Australia'),
('Mango', 'Fruit', 9333, '2016-05-20', 'United States'),
('Mango', 'Fruit', 8775, '2016-05-22', 'Germany'),
('Broccoli', 'Vegetables', 2011, '2016-05-23', 'United Kingdom'),
('Banana', 'Fruit', 5632, '2016-05-25', 'United States'),
('Banana', 'Fruit', 4904, '2016-05-25', 'New Zealand'),
('Beans', 'Vegetables', 1002, '2016-05-25', 'Australia'),
('Orange', 'Fruit', 8141, '2016-05-26', 'United Kingdom'),
('Orange', 'Fruit', 3644, '2016-05-26', 'Canada'),
('Orange', 'Fruit', 1380, '2016-05-26', 'Australia'),
('Broccoli', 'Vegetables', 8354, '2016-05-26', 'Germany'),
('Banana', 'Fruit', 5182, '2016-05-27', 'United States'),
('Apple', 'Fruit', 2193, '2016-05-27', 'France'),
('Mango', 'Fruit', 3647, '2016-05-28', 'United States'),
('Apple', 'Fruit', 4104, '2016-05-28', 'United States'),
('Carrots', 'Vegetables', 7457, '2016-05-28', 'United States'),
('Mango', 'Fruit', 5780, '2016-05-29', 'Canada'),
('Broccoli', 'Vegetables', 4685, '2016-05-30', 'Germany'),
('Banana', 'Fruit', 3917, '2016-06-04', 'United States'),
('Apple', 'Fruit', 521, '2016-06-04', 'Canada'),
('Apple', 'Fruit', 5605, '2016-06-10', 'France'),
('Broccoli', 'Vegetables', 9630, '2016-06-11', 'Germany'),
('Banana', 'Fruit', 6941, '2016-06-20', 'Canada'),
('Broccoli', 'Vegetables', 7231, '2016-06-20', 'United Kingdom'),
('Broccoli', 'Vegetables', 8891, '2016-06-23', 'Australia'),
('Banana', 'Fruit', 107, '2016-06-25', 'France'),
('Banana', 'Fruit', 4243, '2016-06-26', 'United States'),
('Orange', 'Fruit', 4514, '2016-06-27', 'Canada'),
('Apple', 'Fruit', 1712, '2016-06-29', 'United States'),
('Banana', 'Fruit', 1223, '2016-07-02', 'United States'),
('Orange', 'Fruit', 8765, '2016-07-03', 'United Kingdom'),
('Carrots', 'Vegetables', 2722, '2016-07-03', 'United States'),
('Banana', 'Fruit', 1372, '2016-07-03', 'Canada'),
('Banana', 'Fruit', 3497, '2016-07-05', 'Germany'),
('Apple', 'Fruit', 6984, '2016-07-07', 'France'),
('Banana', 'Fruit', 9040, '2016-07-08', 'United States'),
('Banana', 'Fruit', 5105, '2016-07-10', 'Canada'),
('Broccoli', 'Vegetables', 8579, '2016-07-10', 'United States'),
('Orange', 'Fruit', 9541, '2016-07-11', 'France'),
('Carrots', 'Vegetables', 3377, '2016-07-11', 'United Kingdom'),
('Banana', 'Fruit', 7829, '2016-07-13', 'Australia'),
('Banana', 'Fruit', 6284, '2016-07-17', 'France'),
('Mango', 'Fruit', 8310, '2016-07-18', 'United States'),
('Apple', 'Fruit', 3299, '2016-07-18', 'Canada'),
('Banana', 'Fruit', 9794, '2016-07-19', 'United Kingdom'),
('Orange', 'Fruit', 1091, '2016-07-19', 'Canada'),
('Banana', 'Fruit', 687, '2016-07-20', 'Germany'),
('Banana', 'Fruit', 6921, '2016-07-21', 'United States'),
('Carrots', 'Vegetables', 4479, '2016-07-22', 'Canada'),
('Orange', 'Fruit', 6554, '2016-07-25', 'Germany'),
('Banana', 'Fruit', 1329, '2016-07-25', 'United States'),
('Banana', 'Fruit', 7210, '2016-07-26', 'United States'),
('Broccoli', 'Vegetables', 2678, '2016-07-26', 'United States'),
('Broccoli', 'Vegetables', 6098, '2016-07-27', 'Canada'),
('Banana', 'Fruit', 8271, '2016-07-27', 'United States'),
('Carrots', 'Vegetables', 8207, '2016-07-27', 'United Kingdom'),
('Banana', 'Fruit', 6706, '2016-07-28', 'Australia'),
('Banana', 'Fruit', 120, '2016-07-28', 'Canada'),
('Apple', 'Fruit', 8318, '2016-07-28', 'United States'),
('Apple', 'Fruit', 2781, '2016-07-28', 'France'),
('Banana', 'Fruit', 2769, '2016-07-29', 'United States'),
('Banana', 'Fruit', 6785, '2016-07-30', 'United States'),
('Banana', 'Fruit', 4719, '2016-08-01', 'France'),
('Apple', 'Fruit', 8145, '2016-08-01', 'Canada'),
('Carrots', 'Vegetables', 7814, '2016-08-01', 'United States'),
('Carrots', 'Vegetables', 8834, '2016-08-02', 'Germany'),
('Broccoli', 'Vegetables', 8739, '2016-08-02', 'United States'),
('Broccoli', 'Vegetables', 2731, '2016-08-02', 'Canada'),
('Apple', 'Fruit', 9263, '2016-08-03', 'United Kingdom'),
('Apple', 'Fruit', 7456, '2016-08-05', 'United States'),
('Carrots', 'Vegetables', 8982, '2016-08-05', 'Australia'),
('Banana', 'Fruit', 8731, '2016-08-06', 'France'),
('Banana', 'Fruit', 6179, '2016-08-06', 'Canada'),
('Broccoli', 'Vegetables', 5434, '2016-08-07', 'United States'),
('Banana', 'Fruit', 215, '2016-08-09', 'Germany'),
('Banana', 'Fruit', 6814, '2016-08-10', 'United States'),
('Banana', 'Fruit', 6084, '2016-08-11', 'United Kingdom'),
('Banana', 'Fruit', 2807, '2016-08-11', 'Canada'),
('Orange', 'Fruit', 3593, '2016-08-11', 'France'),
('Banana', 'Fruit', 7599, '2016-08-13', 'United States'),
('Banana', 'Fruit', 2821, '2016-08-13', 'Canada'),
('Carrots', 'Vegetables', 2580, '2016-08-13', 'United Kingdom'),
('Banana', 'Fruit', 8262, '2016-08-13', 'Germany'),
('Banana', 'Fruit', 4962, '2016-08-15', 'Australia'),
('Carrots', 'Vegetables', 4141, '2016-08-16', 'United States'),
('Broccoli', 'Vegetables', 1897, '2016-08-17', 'Canada'),
('Apple', 'Fruit', 5960, '2016-08-17', 'France'),
('Banana', 'Fruit', 2385, '2016-08-17', 'United States'),
('Apple', 'Fruit', 2667, '2016-08-18', 'Canada'),
('Carrots', 'Vegetables', 3375, '2016-08-18', 'United Kingdom'),
('Broccoli', 'Vegetables', 7840, '2016-08-18', 'United States'),
('Banana', 'Fruit', 9862, '2016-08-18', 'Germany'),
('Banana', 'Fruit', 4771, '2016-08-19', 'Australia'),
('Orange', 'Fruit', 7661, '2016-08-19', 'Canada'),
('Banana', 'Fruit', 7271, '2016-08-20', 'United States'),
('Carrots', 'Vegetables', 1700, '2016-08-20', 'France'),
('Banana', 'Fruit', 1845, '2016-08-20', 'United Kingdom'),
('Banana', 'Fruit', 2524, '2016-08-21', 'United States'),
('Apple', 'Fruit', 4853, '2016-08-21', 'France'),
('Apple', 'Fruit', 6156, '2016-08-22', 'United Kingdom'),
('Banana', 'Fruit', 7395, '2016-08-22', 'United States'),
('Banana', 'Fruit', 4126, '2016-08-23', 'United States'),
('Carrots', 'Vegetables', 9358, '2016-08-24', 'United States'),
('Banana', 'Fruit', 9934, '2016-08-24', 'Germany'),
('Broccoli', 'Vegetables', 9464, '2016-08-25', 'United States'),
('Broccoli', 'Vegetables', 1271, '2016-08-26', 'Canada'),
('Banana', 'Fruit', 6830, '2016-08-27', 'France'),
('Banana', 'Fruit', 7470, '2016-08-28', 'United States'),
('Apple', 'Fruit', 3480, '2016-08-29', 'United States'),
('Banana', 'Fruit', 6786, '2016-09-04', 'United States'),
('Carrots', 'Vegetables', 4988, '2016-09-05', 'United States'),
('Broccoli', 'Vegetables', 2259, '2016-09-06', 'United Kingdom'),
('Banana', 'Fruit', 8270, '2016-09-06', 'Canada'),
('Apple', 'Fruit', 4091, '2016-09-06', 'United States'),
('Banana', 'Fruit', 5815, '2016-09-07', 'United States'),
('Banana', 'Fruit', 2936, '2016-09-08', 'United Kingdom'),
('Banana', 'Fruit', 3268, '2016-09-09', 'United States'),
('Apple', 'Fruit', 4245, '2016-09-09', 'United States'),
('Carrots', 'Vegetables', 7611, '2016-09-10', 'United Kingdom'),
('Banana', 'Fruit', 1818, '2016-09-11', 'United States'),
('Orange', 'Fruit', 5253, '2016-09-11', 'Germany'),
('Banana', 'Fruit', 2963, '2016-09-11', 'United Kingdom'),
('Banana', 'Fruit', 8504, '2016-09-11', 'United States'),
('Banana', 'Fruit', 7394, '2016-09-11', 'Canada'),
('Banana', 'Fruit', 2604, '2016-09-11', 'United Kingdom'),
('Apple', 'Fruit', 6414, '2016-09-12', 'United Kingdom'),
('Carrots', 'Vegetables', 2571, '2016-09-12', 'Canada'),
('Banana', 'Fruit', 1564, '2016-09-12', 'United States'),
('Banana', 'Fruit', 8724, '2016-09-13', 'United States');
